{"cameraMode":{"drawMode":0,"name":"Shaded","section":"Shading Mode"},"sceneLighting":true,"audioPlay":false,"sceneViewState":{"showFog":true,"showMaterialUpdate":true,"showSkybox":true,"showFlares":true,"showImageEffects":true,"showParticleSystems":true},"in2DMode":false,"pivot":{"x":-0.7369054555892944,"y":14.424094200134278,"z":5.719056606292725},"rotation":{"x":-0.0215649101883173,"y":0.9346538782119751,"z":-0.35020676255226138,"w":-0.05755380913615227},"size":8.08397388458252,"orthographic":false}