{"cameraMode":{"drawMode":0,"name":"Shaded","section":"Shading Mode"},"sceneLighting":true,"audioPlay":false,"sceneViewState":{"showFog":true,"showMaterialUpdate":true,"showSkybox":true,"showFlares":true,"showImageEffects":true,"showParticleSystems":true},"in2DMode":false,"pivot":{"x":0.36160171031951907,"y":6.29233455657959,"z":-2.9551546573638918},"rotation":{"x":0.1573386788368225,"y":0.8372222185134888,"z":-0.31455719470977785,"w":0.41876623034477236},"size":15.809882164001465,"orthographic":true}