{"cameraMode":{"drawMode":0,"name":"Shaded","section":"Shading Mode"},"sceneLighting":false,"audioPlay":false,"sceneViewState":{"showFog":true,"showMaterialUpdate":true,"showSkybox":false,"showFlares":true,"showImageEffects":true,"showParticleSystems":true},"in2DMode":false,"pivot":{"x":0.0,"y":0.004999995231628418,"z":-0.16387498378753663},"rotation":{"x":-0.038567669689655307,"y":0.7026662230491638,"z":-0.03819913789629936,"w":-0.7094456553459168},"size":24.230220794677736,"orthographic":false}