{"cameraMode":{"drawMode":0,"name":"Shaded","section":"Shading Mode"},"sceneLighting":true,"audioPlay":false,"sceneViewState":{"showFog":true,"showMaterialUpdate":true,"showSkybox":true,"showFlares":true,"showImageEffects":true,"showParticleSystems":true},"in2DMode":false,"pivot":{"x":-18.395299911499025,"y":2.7592926025390627,"z":9.303155899047852},"rotation":{"x":0.00602221442386508,"y":-0.9931594729423523,"z":0.059059180319309238,"w":0.10077431797981262},"size":16.837642669677736,"orthographic":false}